"id","name","model_id:id","group_id:id","perm_read","perm_write","perm_create","perm_unlink"
"contract_template_manager","Recurring manager","model_contract_template","account.group_account_manager",1,1,1,1
"contract_template_user","Recurring user","model_contract_template","account.group_account_invoice",1,0,0,0
"contract_manager","Recurring manager","model_contract_contract","account.group_account_manager",1,1,1,1
"contract_user","Recurring user","model_contract_contract","account.group_account_invoice",1,0,0,0
"contract_line_manager","Recurring manager","model_contract_line","account.group_account_manager",1,1,1,1
"contract_line_user","Recurring user","model_contract_line","account.group_account_invoice",1,0,0,0
"contract_template_line_manager","Recurring manager","model_contract_template_line","account.group_account_manager",1,1,1,1
"contract_template_line_user","Recurring user","model_contract_template_line","account.group_account_invoice",1,0,0,0
