<?xml version="1.0" encoding="utf-8"?>
<odoo>
    <data noupdate="0">

    <record id="group_purchase_top_manager" model="res.groups">
        <field name="name">Top Manager</field>
        <field name="comment">Purchase Top Manager</field>
        <field name="category_id" ref="base.module_category_operations_purchase"/>
        <field name="implied_ids" eval="[(4, ref('purchase.group_purchase_manager'))]"/>
        <field name="users" eval="[(4, ref('base.user_root')),(4, ref('base.user_admin'))]"/>
    </record>

   <record id="email_template_data_payment_request" model="mail.template">
            <field name="name">Applicant: Payment Requests</field>
            <field name="model_id" ref="AG_payment_request.model_payment_request"/>
            <field name="email_from">${object.user_id.login}</field>
            <field name="subject">New Payment Requests Generated</field>
            <field name="body_html" type="html"><p>
                Hello there are New lead generated Please Check
                it ${object.name}</p>
            </field>
        </record>


        <record model="mail.channel" id="channel_all_payment_request">
            <field name="name">Payment Requests</field>
            <field name="group_ids" eval="[(4, ref('purchase.group_purchase_user'))]"/>
            <field name="description">General announcements for all payment requests.</field>
        </record>

        <record id="email_template_data_to_approve_payment_request" model="mail.template">
            <field name="name">Applicant: Payment Requests</field>
            <field name="model_id" ref="AG_payment_request.model_payment_request"/>
            <field name="email_from">${object.user_id.login}</field>
            <field name="subject">New Payment Requests Generated</field>
            <field name="body_html" type="html"><p>
                Hello there are New lead generated Please Check
                it ${object.name}</p>
            </field>
        </record>


        <record model="mail.channel" id="channel_all_to_approve_payment_request">
            <field name="name">Payment Requests Need Approve</field>
            <field name="group_ids" eval="[(4, ref('account.group_account_invoice'))]"/>
            <field name="description">General announcements for all payment requests.</field>
        </record>

    </data>
</odoo>