<?xml version="1.0" encoding="utf-8"?>
<odoo noupdate="1">

    <record id="zk_machine_01" model="zk.machine">
        <field name="name">192.168.0.99</field>
        <field name="port_no" eval="4370"/>
        <field name="tz">Asia/Riyadh</field>
    </record>

    <record id="hr_biometric_employee_01" model="hr.biometric.employee">
        <field name="machine_id" eval="ref('zk_machine_01')"/>
        <field name="employee_id" eval="ref('hr.employee_admin')"/>
        <field name="device_id">1</field>
    </record>

    <record id="hr_biometric_employee_02" model="hr.biometric.employee">
        <field name="machine_id" eval="ref('zk_machine_01')"/>
        <field name="employee_id" eval="ref('hr.employee_al')"/>
        <field name="device_id">2</field>
    </record>

    <record id="hr_biometric_employee_03" model="hr.biometric.employee">
        <field name="machine_id" eval="ref('zk_machine_01')"/>
        <field name="employee_id" eval="ref('hr.employee_mit')"/>
        <field name="device_id">3</field>
    </record>

    <record id="hr_biometric_employee_04" model="hr.biometric.employee">
        <field name="machine_id" eval="ref('zk_machine_01')"/>
        <field name="employee_id" eval="ref('hr.employee_niv')"/>
        <field name="device_id">4</field>
    </record>

    <record id="hr_biometric_employee_05" model="hr.biometric.employee">
        <field name="machine_id" eval="ref('zk_machine_01')"/>
        <field name="employee_id" eval="ref('hr.employee_stw')"/>
        <field name="device_id">5</field>
    </record>

    <record id="hr_biometric_employee_06" model="hr.biometric.employee">
        <field name="machine_id" eval="ref('zk_machine_01')"/>
        <field name="employee_id" eval="ref('hr.employee_chs')"/>
        <field name="device_id">6</field>
    </record>

    <record id="hr_biometric_employee_07" model="hr.biometric.employee">
        <field name="machine_id" eval="ref('zk_machine_01')"/>
        <field name="employee_id" eval="ref('hr.employee_qdp')"/>
        <field name="device_id">7</field>
    </record>

    <record id="hr_biometric_employee_08" model="hr.biometric.employee">
        <field name="machine_id" eval="ref('zk_machine_01')"/>
        <field name="employee_id" eval="ref('hr.employee_fme')"/>
        <field name="device_id">8</field>
    </record>

    <record id="hr_biometric_employee_09" model="hr.biometric.employee">
        <field name="machine_id" eval="ref('zk_machine_01')"/>
        <field name="employee_id" eval="ref('hr.employee_fpi')"/>
        <field name="device_id">9</field>
    </record>

    <record id="hr_biometric_employee_10" model="hr.biometric.employee">
        <field name="machine_id" eval="ref('zk_machine_01')"/>
        <field name="employee_id" eval="ref('hr.employee_jth')"/>
        <field name="device_id">10</field>
    </record>

    <record id="hr_biometric_employee_11" model="hr.biometric.employee">
        <field name="machine_id" eval="ref('zk_machine_01')"/>
        <field name="employee_id" eval="ref('hr.employee_ngh')"/>
        <field name="device_id">11</field>
    </record>

</odoo>
