<?xml version="1.0" encoding="UTF-8" ?>
<templates xml:space="preserve">
    <t t-name="dms.DocumentTree">
        <div class="dms_treeview">
            <div class="container-fluid dms_document_container ">
                <div class="row o_dms_header btn-group">
                    <button
                        class="btn btn-secondary o_dms_add_directory fa fa-database o_hidden"
                    />
                    <div class="o_dms_extra_actions btn-group" />
                </div>
                <div
                    t-attf-class="row dms_document_row #{widget.isMobile? 'dms_document_mobile': 'dms_document_desktop'}"
                >
                    <div class="dms_document_col dms_document_col_tree">
                        <div class="dms_document_tree">
                            <div class="dms_content">
                                <div class="dms_tree" />
                            </div>
                        </div>
                    </div>
                    <div class="dms_document_col dms_document_col_preview">
                        <div class="dms_document_preview" />
                    </div>
                </div>
            </div>
        </div>
    </t>
</templates>
