<?xml version="1.0" encoding="utf-8" ?>
<!--
  Copyright 2011-2019 Akretion France (http://www.akretion.com/)
  @author Alexis de Lattre <alexis.delattre@akretion.com>
  License AGPL-3.0 or later (http://www.gnu.org/licenses/agpl).
-->
<odoo noupdate="1">
    <record id="84715000" model="hs.code">
        <field name="local_code">84715000</field>
        <field name="description">Automatic data-processing machines (computers)</field>
    </record>
    <record id="84717050" model="hs.code">
        <field name="local_code">84717050</field>
        <field name="description">Storage units</field>
    </record>
    <record id="85340090" model="hs.code">
        <field name="local_code">85340090</field>
        <field name="description">Printed circuits</field>
    </record>
    <record id="product.product_product_3" model="product.product">
        <field name="hs_code_id" ref="84715000" />
        <field name="origin_country_id" ref="base.tw" />
        <field name="weight">8.7</field>
    </record>
    <record id="product.product_product_4" model="product.product">
        <field name="hs_code_id" ref="84715000" />
        <field name="origin_country_id" ref="base.cn" />
        <field name="weight">1.1</field>
    </record>
    <record id="product.product_product_5" model="product.product">
        <field name="hs_code_id" ref="84715000" />
        <field name="origin_country_id" ref="base.cn" />
        <field name="weight">8.2</field>
    </record>
    <record id="product.product_product_13" model="product.product">
        <field name="hs_code_id" ref="84717050" />
        <field name="origin_country_id" ref="base.sg" />
        <field name="weight">0.01</field>
    </record>
    <record id="product.product_product_16" model="product.product">
        <field name="hs_code_id" ref="84717050" />
        <field name="origin_country_id" ref="base.sg" />
        <field name="weight">0.67</field>
    </record>
    <record id="product.product_product_20" model="product.product">
        <field name="hs_code_id" ref="85340090" />
        <field name="origin_country_id" ref="base.tw" />
        <field name="weight">1.05</field>
    </record>
    <record id="product.product_product_22" model="product.product">
        <field name="hs_code_id" ref="85340090" />
        <field name="origin_country_id" ref="base.tw" />
        <field name="weight">0.3</field>
    </record>
    <record id="product.product_product_25" model="product.product">
        <field name="hs_code_id" ref="84715000" />
        <field name="origin_country_id" ref="base.be" />
        <field name="weight">3.3</field>
    </record>
</odoo>
