<?xml version="1.0" encoding="utf-8" ?>
<odoo>
    <data noupdate="0">
        <record id="paperformat_label" model="report.paperformat">
            <field name="name">Label paperformat</field>
            <field name="format">custom</field>
            <field name="page_height">29</field>
            <field name="page_width">47</field>
            <field name="orientation">Portrait</field>
            <field name="margin_top">2</field>
            <field name="margin_bottom">0</field>
            <field name="margin_left">0</field>
            <field name="margin_right">0</field>
            <field name="header_line" eval="False" />
            <field name="header_spacing">0</field>
            <field name="dpi">90</field>
        </record>
    </data>
</odoo>
